{
  "hash": "ecda2b24",
  "configHash": "2f4a5519",
  "lockfileHash": "c51aa63a",
  "browserHash": "bd3f5dc5",
  "optimized": {
    "@angular/core": {
      "src": "../../../../../node_modules/@angular/core/fesm2022/core.mjs",
      "file": "@angular_core.js",
      "fileHash": "1d55b719",
      "needsInterop": false
    },
    "@angular/platform-browser": {
      "src": "../../../../../node_modules/@angular/platform-browser/fesm2022/platform-browser.mjs",
      "file": "@angular_platform-browser.js",
      "fileHash": "26fd5052",
      "needsInterop": false
    },
    "@angular/router": {
      "src": "../../../../../node_modules/@angular/router/fesm2022/router.mjs",
      "file": "@angular_router.js",
      "fileHash": "9d86bea5",
      "needsInterop": false
    }
  },
  "chunks": {
    "chunk-2P6HCSBA": {
      "file": "chunk-2P6HCSBA.js"
    },
    "chunk-ZDDPHS7B": {
      "file": "chunk-ZDDPHS7B.js"
    }
  }
}